{
    "openapi": "3.0.4",
    "info": {
      "title": "InvoiceAppApi",
      "version": "1.0"
    },
    "paths": {
      "/api/Client": {
        "post": {
          "tags": [
            "Client"
          ],
          "requestBody": {
            "content": {
              "application/json": {
                "schema": {
                  "$ref": "#/components/schemas/ClientDto"
                }
              },
              "text/json": {
                "schema": {
                  "$ref": "#/components/schemas/ClientDto"
                }
              },
              "application/*+json": {
                "schema": {
                  "$ref": "#/components/schemas/ClientDto"
                }
              }
            }
          },
          "responses": {
            "200": {
              "description": "OK"
            }
          }
        },
        "get": {
          "tags": [
            "Client"
          ],
          "responses": {
            "200": {
              "description": "OK"
            }
          }
        }
      },
      "/api/Invoice": {
        "post": {
          "tags": [
            "Invoice"
          ],
          "requestBody": {
            "content": {
              "application/json": {
                "schema": {
                  "$ref": "#/components/schemas/InvoiceDto"
                }
              },
              "text/json": {
                "schema": {
                  "$ref": "#/components/schemas/InvoiceDto"
                }
              },
              "application/*+json": {
                "schema": {
                  "$ref": "#/components/schemas/InvoiceDto"
                }
              }
            }
          },
          "responses": {
            "200": {
              "description": "OK"
            }
          }
        }
      }
    },
    "components": {
      "schemas": {
        "ClientDto": {
          "type": "object",
          "properties": {
            "name": {
              "type": "string",
              "nullable": true
            },
            "email": {
              "type": "string",
              "nullable": true
            }
          },
          "additionalProperties": false
        },
        "InvoiceDto": {
          "type": "object",
          "properties": {
            "invoiceNumber": {
              "type": "string",
              "nullable": true
            },
            "invoiceDate": {
              "type": "string",
              "format": "date-time"
            },
            "amount": {
              "type": "number",
              "format": "double"
            },
            "clientId": {
              "type": "integer",
              "format": "int32"
            }
          },
          "additionalProperties": false
        }
      }
    }
  }