{
  "hash": "20d2566a",
  "configHash": "3497a06a",
  "lockfileHash": "1781ac90",
  "browserHash": "53c2353a",
  "optimized": {
    "@angular/common": {
      "src": "../../../../../../node_modules/@angular/common/fesm2022/common.mjs",
      "file": "@angular_common.js",
      "fileHash": "a3cd41da",
      "needsInterop": false
    },
    "@angular/common/http": {
      "src": "../../../../../../node_modules/@angular/common/fesm2022/http.mjs",
      "file": "@angular_common_http.js",
      "fileHash": "a4fdd58f",
      "needsInterop": false
    },
    "@angular/core": {
      "src": "../../../../../../node_modules/@angular/core/fesm2022/core.mjs",
      "file": "@angular_core.js",
      "fileHash": "9386bce0",
      "needsInterop": false
    },
    "@angular/forms": {
      "src": "../../../../../../node_modules/@angular/forms/fesm2022/forms.mjs",
      "file": "@angular_forms.js",
      "fileHash": "24784d65",
      "needsInterop": false
    },
    "@angular/platform-browser": {
      "src": "../../../../../../node_modules/@angular/platform-browser/fesm2022/platform-browser.mjs",
      "file": "@angular_platform-browser.js",
      "fileHash": "a52474a1",
      "needsInterop": false
    },
    "@angular/router": {
      "src": "../../../../../../node_modules/@angular/router/fesm2022/router.mjs",
      "file": "@angular_router.js",
      "fileHash": "9778dfac",
      "needsInterop": false
    },
    "rxjs": {
      "src": "../../../../../../node_modules/rxjs/dist/esm5/index.js",
      "file": "rxjs.js",
      "fileHash": "5d2deb72",
      "needsInterop": false
    },
    "rxjs/operators": {
      "src": "../../../../../../node_modules/rxjs/dist/esm5/operators/index.js",
      "file": "rxjs_operators.js",
      "fileHash": "dff658fa",
      "needsInterop": false
    }
  },
  "chunks": {
    "chunk-2XSNMFBT": {
      "file": "chunk-2XSNMFBT.js"
    },
    "chunk-V7T2HRTP": {
      "file": "chunk-V7T2HRTP.js"
    },
    "chunk-6WJ46GLD": {
      "file": "chunk-6WJ46GLD.js"
    },
    "chunk-BJJC6FNP": {
      "file": "chunk-BJJC6FNP.js"
    },
    "chunk-ZU533V4U": {
      "file": "chunk-ZU533V4U.js"
    },
    "chunk-FFZIAYYX": {
      "file": "chunk-FFZIAYYX.js"
    },
    "chunk-6Q4RANH6": {
      "file": "chunk-6Q4RANH6.js"
    },
    "chunk-CXCX2JKZ": {
      "file": "chunk-CXCX2JKZ.js"
    }
  }
}